username,profile_url,post_url,shortcode,media_id,media_type,published_at,caption,hashtags,video_duration,views,likes,comments,engagement_rate_by_followers,engagement_rate_by_views,shares,fans
august_hachiware,https://www.instagram.com/august_hachiware/,https://www.instagram.com/p/DdVsRpVMoU7/,DdVsRpVMoU7,3.99E+18,reel,2026-09-16T06:58:53.000Z,"Apple Music‘s new artist page 3

More & More Artist Pages!
Britney & JENNIE’s artist pages are so pretty 😍
More Apple Music artist pages coming soon!

#ios27 #applemusic #jennie #sza #britneyspears",ios27 applemusic jennie sza britneyspears,,0,1,0,50,,,
august_hachiware,https://www.instagram.com/august_hachiware/,https://www.instagram.com/p/DdTDuUPs3ye/,DdTDuUPs3ye,3.99E+18,reel,2026-09-15T06:24:38.000Z,"Apple Music’s new artist page 2

more artists’ custom fonts & pretty UI >>>
lisa, justin bieber, troye sivan & charli xcx all just dropped new fonts recently 👀
and miley updated hers again for the new album 💅

#ios27 #applemusic #lisa #justinbieber #mileycyrus",ios27 applemusic lisa justinbieber mileycyrus,,30,1,0,50,3.333333333,,
august_hachiware,https://www.instagram.com/august_hachiware/,https://www.instagram.com/p/DdQO_GlylrS/,DdQO_GlylrS,3.99E+18,reel,2026-09-14T04:13:54.000Z,"Apple Music’s new artist page 1

iOS 27 drops today! Apple Music artist pages just got a major glow-up 🔥
Background colors are way more immersive now
And tons of artists even rolled out custom fonts for theireras! ✨

#ios27 #applemusic #taylorswift #brunomars #dualipa",ios27 applemusic taylorswift brunomars dualipa,,111,4,1,250,4.504504505,,
august_hachiware,https://www.instagram.com/august_hachiware/,https://www.instagram.com/p/DdJrET4sicN/,DdJrET4sicN,3.98E+18,reel,2026-09-11T14:55:25.000Z,Apple Music Animated Album Cover | Ep. 29 | Album Covers So Minimal They Have NOTHING Left 💀 #applemusic #charlixcx #blackpink #idle #mileycyrus,applemusic charlixcx blackpink idle mileycyrus,,116,4,0,200,3.448275862,,
august_hachiware,https://www.instagram.com/august_hachiware/,https://www.instagram.com/p/Dc722gCSyvF/,Dc722gCSyvF,3.98E+18,reel,2026-09-06T06:09:37.000Z,Apple Music Album Cover | Special 2 | The Wierdest Album Covers in Apple Music #applemusic #traviscott #avrillavigne #icespice #robyn,applemusic traviscott avrillavigne icespice robyn,,2,1,0,50,50,,
august_hachiware,https://www.instagram.com/august_hachiware/,https://www.instagram.com/p/Dc5rVHPMpdf/,Dc5rVHPMpdf,3.98E+18,reel,2026-09-05T09:50:40.000Z,Apple Music Animated Album Cover | Ep. 28 | Summer went away. 🌴Here are some covers that scream summer #applemusic #lorde #mileycryus #postmalone #justinbieber Bieber,applemusic lorde mileycryus postmalone justinbieber,,26,1,0,50,3.846153846,,
august_hachiware,https://www.instagram.com/august_hachiware/,https://www.instagram.com/p/DbiRsIPSgkU/,DbiRsIPSgkU,3.95E+18,reel,2026-08-02T11:12:20.000Z,Apple Music Animated Album Cover | Ep. 27 | Ari’s new album animated cover feels kinda lazy 😅 #applemusic #arianagrande #newjeans #selenagomez #addisonrae,applemusic arianagrande newjeans selenagomez addisonrae,,122,6,0,300,4.918032787,,
august_hachiware,https://www.instagram.com/august_hachiware/,https://www.instagram.com/p/DbXqKtHMRfV/,DbXqKtHMRfV,3.95E+18,reel,2026-07-29T08:14:13.000Z,Apple Music Animated Album Cover | Ep. 26 | Meet me at midnight 🌙 #applemusic #taylorswift #charlixcx #twice #mariahcarey,applemusic taylorswift charlixcx twice mariahcarey,,122,5,0,250,4.098360656,,
august_hachiware,https://www.instagram.com/august_hachiware/,https://www.instagram.com/p/DbSp5hYMRGF/,DbSp5hYMRGF,3.95E+18,reel,2026-07-27T09:35:40.000Z,Apple Music Animated Album Cover | Ep. 25 | Swinging~ Love Olivia’s New Album and Its Cover! AOTY! #applemusic #oliviarodrigo #ladygaga #arianagrande #megantheestallion,applemusic oliviarodrigo ladygaga arianagrande megantheestallion,,117,5,0,250,4.273504274,,
august_hachiware,https://www.instagram.com/august_hachiware/,https://www.instagram.com/p/DbNkMWyMnxx/,DbNkMWyMnxx,3.95E+18,reel,2026-07-25T10:12:09.000Z,Apple Music Animated Album Cover | Ep. 24 | 🌞 A collection of covers with summer vibes! #applemusic #sabrinacarpenter #dualipa #dojacat #tyla,applemusic sabrinacarpenter dualipa dojacat tyla,,115,2,0,100,1.739130435,,
august_hachiware,https://www.instagram.com/august_hachiware/,https://www.instagram.com/p/DbKzDDUMI2T/,DbKzDDUMI2T,3.95E+18,reel,2026-07-24T08:22:30.000Z,Apple Music Animated Album Cover | Ep. 23 | Wonder by Shawn Mendes has STUNNING cover! 🌊 #applemusic #shawnmendes #katseye #adele #britneyspears,applemusic shawnmendes katseye adele britneyspears,,107,3,0,150,2.803738318,,
august_hachiware,https://www.instagram.com/august_hachiware/,https://www.instagram.com/p/DYzMc2QsCB6/,DYzMc2QsCB6,3.91E+18,reel,2026-05-26T11:21:02.000Z,Apple Music Animated Album Cover | Ep. 22 | Got totally wrecked by Jung Kook’s animated cover! #applemusic #jungkook #bts #dualipa #pinkpantheress,applemusic jungkook bts dualipa pinkpantheress,,64,3,0,150,4.6875,,
august_hachiware,https://www.instagram.com/august_hachiware/,https://www.instagram.com/p/DYtwj3BsicD/,DYtwj3BsicD,3.90E+18,reel,2026-05-24T08:39:41.000Z,Apple Music Fullscreen But Non-Animated Album Cover 3 | 🖤 Black cover is cool! #applemusic #billieeilish #drake #kendricklamar #kanyewest,applemusic billieeilish drake kendricklamar kanyewest,,127,2,0,100,1.57480315,,
august_hachiware,https://www.instagram.com/august_hachiware/,https://www.instagram.com/p/DYrQA6hswGR/,DYrQA6hswGR,3.90E+18,reel,2026-05-23T09:16:42.000Z,Apple Music Animated Album Cover | Ep. 21 | Michael Jackson’s cover is super classic! #applemusic #michaeljackson #ladygaga #mileycryus #justintimberlake,applemusic michaeljackson ladygaga mileycryus justintimberlake,,98,2,0,100,2.040816327,,
august_hachiware,https://www.instagram.com/august_hachiware/,https://www.instagram.com/p/DYogNPYscQE/,DYogNPYscQE,3.90E+18,reel,2026-05-22T07:48:33.000Z,Apple Music Animated Album Cover | Ep. 20 | SOUR and Other Albums Brought to Life #applemusic #oliviarodrigo #mariahcarey #glassanimals #fkatwigs,applemusic oliviarodrigo mariahcarey glassanimals fkatwigs,,111,5,0,250,4.504504505,,
august_hachiware,https://www.instagram.com/august_hachiware/,https://www.instagram.com/p/DYhDkf_sWGI/,DYhDkf_sWGI,3.90E+18,reel,2026-05-19T10:15:30.000Z,Apple Music Animated Album Cover | Ep. 19 | Happy 10th anniversary to Lemonade! #applemusic #beyonce #dualipa #badbunny #rosalia,applemusic beyonce dualipa badbunny rosalia,,116,4,0,200,3.448275862,,
august_hachiware,https://www.instagram.com/august_hachiware/,https://www.instagram.com/p/DYHYRS-sCsm/,DYHYRS-sCsm,3.89E+18,reel,2026-05-09T10:56:21.000Z,Apple Music Fullscreen But Non-Animated Album Cover 2 | #applemusic #theweeknd #kanyewest #frankocean #halsey,applemusic theweeknd kanyewest frankocean halsey,,65,3,0,150,4.615384615,,
august_hachiware,https://www.instagram.com/august_hachiware/,https://www.instagram.com/p/DYEk4UKMllY/,DYEk4UKMllY,3.89E+18,reel,2026-05-08T08:49:04.000Z,Apple Music Animated Album Cover | Ep. 18 | Planet Her has STUNNING animated covers! #applemusic #dojacat #drake #lisa #madonna,applemusic dojacat drake lisa madonna,,133,2,0,100,1.503759398,,
august_hachiware,https://www.instagram.com/august_hachiware/,https://www.instagram.com/p/DXbea-zjEWP/,DXbea-zjEWP,3.88E+18,reel,2026-04-22T10:06:53.000Z,Apple Music Animated Album Cover | Ep. 17 | PinkPantheress updated animated cover for her new album #applemusic #pinkpantheress #liluzivert #twice #aliciakeys,applemusic pinkpantheress liluzivert twice aliciakeys,,12,2,0,100,16.66666667,,
august_hachiware,https://www.instagram.com/august_hachiware/,https://www.instagram.com/p/DXL9WSEjKiA/,DXL9WSEjKiA,3.88E+18,reel,2026-04-16T09:11:17.000Z,Apple Music Animated Album Cover | Ep. 16 | The Beatles’ Iconic Album Cover Has a Dynamic Effect #applemusic #thebeatles #sabrinacarpenter #aespa #coldplay,applemusic thebeatles sabrinacarpenter aespa coldplay,,26,2,0,100,7.692307692,,
august_hachiware,https://www.instagram.com/august_hachiware/,https://www.instagram.com/p/DWqv7gPDK45/,DWqv7gPDK45,3.87E+18,reel,2026-04-03T11:57:49.000Z,Apple Music Fullscreen But Non-Animated Album Cover 1 | Is Apple preparing for new features? #applemusic #arianagrande #bts #harrystyles #drake,applemusic arianagrande bts harrystyles drake,,12,1,0,50,8.333333333,,
august_hachiware,https://www.instagram.com/august_hachiware/,https://www.instagram.com/p/DWlekc-DA7g/,DWlekc-DA7g,3.87E+18,reel,2026-04-01T10:25:18.000Z,Apple Music Animated Album Cover | Ep. 15 | Future Nostalgia has just updated its animated cover #applemusic #dualipa #bts #coldplay #britneyspears,applemusic dualipa bts coldplay britneyspears,,4,2,0,100,50,,
august_hachiware,https://www.instagram.com/august_hachiware/,https://www.instagram.com/p/DWBbW4ODNTG/,DWBbW4ODNTG,3.86E+18,reel,2026-03-18T10:23:40.000Z,Apple Music Animated Album Cover | Ep. 14 | The cover of Super Shy is SO CUTE! #applemusic #newjeans #tatemcrae #21savage #steviewonder,applemusic newjeans tatemcrae 21savage steviewonder,,2,2,0,100,100,,
august_hachiware,https://www.instagram.com/august_hachiware/,https://www.instagram.com/p/DVtGng-jExe/,DVtGng-jExe,3.85E+18,reel,2026-03-10T12:59:06.000Z,Apple Music Animated Album Cover | Ep. 13 | Covers With Sunny Weather ☀️ #applemusic #taylorswift #1989 #beyonce #coldplay,applemusic taylorswift 1989 beyonce coldplay,,46,3,0,150,6.52173913,,
august_hachiware,https://www.instagram.com/august_hachiware/,https://www.instagram.com/p/DVbBOxIDtDD/,DVbBOxIDtDD,3.84E+18,reel,2026-03-03T12:24:53.000Z,Apple Music Animated Album Cover | Ep. 12 | Covers With Gloomy Weather 🌧 #applemusic #drake #cardib #lukecombs,applemusic drake cardib lukecombs,,4,2,0,100,50,,
august_hachiware,https://www.instagram.com/august_hachiware/,https://www.instagram.com/p/DVTO-49jusz/,DVTO-49jusz,3.84E+18,reel,2026-02-28T11:51:34.000Z,Apple Music Animated Album Cover | Ep. 11 | Bruno Mars and Blackpink just released their new albums! #applemusic #brunomars #blackpink #gorillaz #drake,applemusic brunomars blackpink gorillaz drake,,210,3,0,150,1.428571429,,
august_hachiware,https://www.instagram.com/august_hachiware/,https://www.instagram.com/p/DVOgVwlEWl_/,DVOgVwlEWl_,3.84E+18,reel,2026-02-26T15:47:38.000Z,Apple Music Album Cover | Special 1 | Creepy AI animated covers give off an uncanny valley effect! #applemusic #ai #ios #jolin #yanzisun,applemusic ai ios jolin yanzisun,,284,3,0,150,1.056338028,,
august_hachiware,https://www.instagram.com/august_hachiware/,https://www.instagram.com/p/DVI3GUFjiNg/,DVI3GUFjiNg,3.84E+18,reel,2026-02-24T11:10:45.000Z,Apple Music Animated Album Cover | Ep. 10 | SOS cover is breathtaking! #applemusic #sza #badbunny #gracieabrams #icespice,applemusic sza badbunny gracieabrams icespice,,6,2,0,100,33.33333333,,
august_hachiware,https://www.instagram.com/august_hachiware/,https://www.instagram.com/p/DVDzpkxjiZg/,DVDzpkxjiZg,3.84E+18,reel,2026-02-22T12:04:04.000Z,Apple Music Animated Album Cover | Ep. 9 | Cover of LUX is just as artistic as the music itself! #applemusic #lux #drake #liluzivert #morganwallen,applemusic lux drake liluzivert morganwallen,,56,2,0,100,3.571428571,,
august_hachiware,https://www.instagram.com/august_hachiware/,https://www.instagram.com/p/DU-sqjxERMr/,DU-sqjxERMr,3.84E+18,reel,2026-02-20T12:27:59.000Z,Apple Music Animated Album Cover | Ep. 8 | Love the cover of After Hours! #applemusic #theweeknd #choosintexas #madonna #liluzivert,applemusic theweeknd choosintexas madonna liluzivert,,230,3,0,150,1.304347826,,
august_hachiware,https://www.instagram.com/august_hachiware/,https://www.instagram.com/p/DU0FlJIDiWM/,DU0FlJIDiWM,3.83E+18,reel,2026-02-16T09:34:53.000Z,Apple Music Animated Album Cover | Ep. 7 | Happy Chinese New Year 🧨 take a look at red album covers #applemusic #taylorswift #jennie #dojacat #edsheeran,applemusic taylorswift jennie dojacat edsheeran,,64,2,0,100,3.125,,
august_hachiware,https://www.instagram.com/august_hachiware/,https://www.instagram.com/p/DUuUnbpDAS8/,DUuUnbpDAS8,3.83E+18,reel,2026-02-14T03:48:26.000Z,Apple Music Animated Album Cover | Ep. 6 | 💘Valentine Day is here - take a Iook at pink album covers! #applemusic #valentinesday #taylorswift #blackpink #dojacat,applemusic valentinesday taylorswift blackpink dojacat,,69,6,0,300,8.695652174,,
august_hachiware,https://www.instagram.com/august_hachiware/,https://www.instagram.com/p/DUnxW3MEY70/,DUnxW3MEY70,3.83E+18,reel,2026-02-11T14:44:33.000Z,Apple Music Animated Album Cover | Ep. 5 | folklore has the BEST animated cover among Taylor’s albums #applemusic #taylorswift #folklore #brunomars #newjeans,applemusic taylorswift folklore brunomars newjeans,,3,2,0,100,66.66666667,,
august_hachiware,https://www.instagram.com/august_hachiware/,https://www.instagram.com/p/DUierpGDsoX/,DUierpGDsoX,3.83E+18,reel,2026-02-09T15:20:49.000Z,"Apple Music Animated Album Cover | Ep. 4 | Do u like the cover of KPop Demon Hunters?
#applemusic #golden #kpopdemonhunters #billie #madonna",applemusic golden kpopdemonhunters billie madonna,,1,2,0,100,200,,
august_hachiware,https://www.instagram.com/august_hachiware/,https://www.instagram.com/p/DUYJpDCEfNu/,DUYJpDCEfNu,3.83E+18,reel,2026-02-05T13:09:19.000Z,Apple Music Animated Album Cover | Ep. 3 | Love the cover of Positions! #applemusic #arianagrande #katyperry #theweeknd,applemusic arianagrande katyperry theweeknd,,16,2,0,100,12.5,,
august_hachiware,https://www.instagram.com/august_hachiware/,https://www.instagram.com/p/DUQeMnZEeHr/,DUQeMnZEeHr,3.82E+18,reel,2026-02-02T13:35:54.000Z,Apple Music Animated Album Cover | Ep. 2 | Grammy Winners & Nominees Have Stunning Animated Covers! #grammy #applemusic #ladygaga #sabrinacarpenter #apt,grammy applemusic ladygaga sabrinacarpenter apt,,21,2,0,100,9.523809524,,
august_hachiware,https://www.instagram.com/august_hachiware/,https://www.instagram.com/p/DULg2-5Ed-W/,DULg2-5Ed-W,3.82E+18,reel,2026-01-31T16:32:20.000Z,Apple Music Animated Album Cover | Ep. 1 #applemusic #taylorswift #ladygaga #idle #drake,applemusic taylorswift ladygaga idle drake,,9,3,0,150,33.33333333,,
Apple Music,,,,,,,,,,2657,100,1,,,,
All,,,,,,,,,,2657,100,1,,,6,2