Content,Video title,Video publish time,Duration,Likes,Shares,Comments added,Views,Subscribers
Total,,,,132,6,16,4822,14
E-zrXZWBlp0,Apple Music's New Artist Page 2 | More Artists' Custom Fonts & Pretty UI,17-Sep-26,177,1,0,0,15,0
FnhzS8IbK8E,Apple Music's New Artist Page 1 | iOS 27 New Feature! Apple Music artist pages got a major glow-up 🔥,16-Sep-26,164,2,0,0,22,0
heSiOvKc3is,"I remake ""Blank Space"" by Taylor Swift in Logic Pro! Recreating the 1989 Pop Bible!",15-Sep-26,232,1,0,0,12,0
8EJCaRCuKLc,Apple Music Animated Album Cover | Ep. 31 | 1989 Shaped My Music Taste — and My Cover Art Taste Too,13-Sep-26,157,1,0,1,184,0
1pIMFGNIu5k,Apple Music Animated Album Cover | Ep. 30 | Yellow = Instant Energy Boost 🍋,9-Sep-26,157,2,0,1,39,0
4EYXrsSNynA,"I remake ""360"" by Charli xcx in Logic Pro! 💚 BRAT SUMMER FOREVER!",3-Sep-26,133,11,0,0,359,0
7jHXpnjMUOQ,Apple Music Animated Album Cover | Ep. 29 | Album Covers So Minimal They Have NOTHING Left 💀,2-Sep-26,162,3,0,0,28,0
oFO8pyEoltY,Apple Music Album Cover | Special 2 | The Weirdest Album Covers in Apple Music,31-Aug-26,139,3,0,0,23,0
GIQZIFsXo6Y,"I remake ""BIRDS OF A FEATHER"" by Billie Elish in Logic Pro!",9-Aug-26,211,2,0,0,98,0
OQOCmuqsaP8,Apple Music Animated Album Cover | Ep. 28 | August is here! 🌴Here are some covers that scream summer,3-Aug-26,167,1,0,0,31,0
ijSWLG6GJDQ,Apple Music Animated Album Cover | Ep. 27 | Ari’s new album animated cover feels kinda lazy 😅,31-Jul-26,152,1,0,1,40,0
 -YE2cy7BUCc,Apple Music Animated Album Cover | Ep. 26 | Meet me at midnight 🌙,29-Jul-26,178,2,0,1,34,0
ASh574MzwZM,Apple Music Animated Album Cover | Ep. 25 | Swinging~ Love Olivia's New Album and Its Cover! AOTY!,27-Jul-26,141,2,0,0,27,0
TQgHnG5Uu9M,Apple Music Animated Album Cover | Ep. 24 | ☀️ A Collection of Covers with Summer Vibes!,24-Jul-26,165,3,0,0,27,1
a1nZL-a7baA,Apple Music Animated Album Cover | Ep. 23 | Wonder by Shawn Mendes has STUNNING cover!,8-Jun-26,151,3,0,2,55,0
cP3wbyxFl9k,Apple Music Animated Album Cover | Ep. 22 | Got totally wrecked by Jung Kook’s animated cover!,26-May-26,153,4,0,0,37,0
cjzz3JGbHUE,Apple Music Fullscreen But Non-Animated Album Cover 3 | #applemusic #billieeilish #drake #ios,24-May-26,60,3,0,0,579,0
Wk6ztSVUrJ8,Apple Music Animated Album Cover | Ep. 21 | Michael Jackson's cover is super classic!,22-May-26,166,3,0,0,61,0
8R8cXqeaVK0,Apple Music Animated Album Cover | Ep. 20 | SOUR and Other Albums Brought to Life,18-May-26,172,4,0,1,62,1
Un-Mirg1nW0,Apple Music Animated Album Cover | Ep. 19 | Happy 10th anniversary to Lemonade!,11-May-26,154,2,0,1,43,0
dy4RX6DbV6A,Apple Music Fullscreen But Non-Animated Album Cover 2 | #applemusic #theweeknd #kanyewest #ios,9-May-26,61,4,0,0,301,0
4mDEG9lLLaw,Apple Music Animated Album Cover | Ep. 18 | Planet Her has STUNNING animated covers!,7-May-26,152,3,0,0,51,0
InlCUufGfNc,Apple Music Animated Album Cover | Ep. 17 | PinkPantheress updated animated cover for her new album,22-Apr-26,140,3,0,1,80,0
WBMnXIs9qkY,Apple Music Animated Album Cover | Ep. 16 | The Beatles’ Iconic Album Cover Has a Dynamic Effect,2-Apr-26,160,1,0,0,53,0
dsqT_S8Lugg,Apple Music Fullscreen But Non-Animated Album Cover 1 | Is Apple preparing for new features? #apple,1-Apr-26,40,6,1,1,569,0
jPfA73Y-brI,Apple Music Animated Album Cover | Ep. 15 | Future Nostalgia has just updated its animated cover,18-Mar-26,159,3,0,1,80,0
ayLsm_nX41M,Apple Music Animated Album Cover | Ep. 14 | The cover of Super Shy is SO CUTE!,11-Mar-26,164,4,0,0,195,0
NTNP98SwRAs,Apple Music Animated Album Cover | Ep. 13 | Covers With Sunny Weather ☀️,6-Mar-26,167,1,0,0,60,0
ODv6A0pMiTM,Apple Music Animated Album Cover | Ep. 12 | Covers With Gloomy Weather 🌧,2-Mar-26,166,3,1,0,48,0
iS9MZItWdMQ,Apple Music Animated Album Cover | Ep. 11 | Bruno Mars and Blackpink just released their new albums!,27-Feb-26,178,5,0,0,166,0
IVWbU9L51hk,Apple Music Album Cover | Special 1 | Creepy AI animated covers give off an uncanny valley effect!,26-Feb-26,161,2,0,1,38,0
xie7sqR4X1A,Apple Music Animated Album Cover | Ep. 10 | SOS cover is breathtaking!,24-Feb-26,167,3,0,0,84,0
Lf87Vcflx74,Apple Music Animated Album Cover | Ep. 9 | Cover of LUX is just as artistic as the music itself!,22-Feb-26,183,4,0,1,70,0
r3MHO_7nsHE,Apple Music Animated Album Cover | Ep. 8 | Love the cover of After Hours!,20-Feb-26,168,4,0,1,140,1
gHKTn3_qwrI,Apple Music Animated Album Cove | Ep. 7 | Happy Chinese New Year 🧨 Take a look at red album covers!,19-Feb-26,167,3,0,0,61,0
XNyRo6Gt_aU,Apple Music Animated Album Cover | Ep. 6 | 💘 Valentine’s Day is here — take a look at PINK covers,14-Feb-26,175,3,0,0,73,0
yn5Y__Z1ETo,Apple Music Animated Album Cover | Ep. 5 | folklore has the BEST cover among Taylor's albums,12-Feb-26,174,6,0,0,190,0
6hhXK0783OI,Apple Music Animated Album Cover | Ep. 4 | Do u like the cover of KPop Demon Hunters?,9-Feb-26,174,5,0,1,178,4
Uk-kUjTpZXo,Apple Music Animated Album Cover | Ep. 3 | Love the album cover of Positions!,6-Feb-26,172,5,0,1,87,0
Lxd_3zhwwyA,Apple Music Animated Album Cover | Ep. 2 | Grammy Winners & Nominees Have Stunning Animated Covers!,2-Feb-26,167,3,2,0,114,0
 -ehiTLnVz0g,Apple Music Animated Album Cover | Ep. 1 | You can always trust Apple’s aesthetic taste!,30-Jan-26,173,6,2,0,314,3
Apple Music,,,,117,6,16,4259,10
Remake,,,,14,0,0,469,0