时间,播放量,播放量累计,空间访客,空间访客累计,净增粉丝,净增粉丝累计,点赞,点赞累计,收藏,收藏累计,硬币,硬币累计,评论,评论累计,弹幕,弹幕累计,分享,分享累计
2026/06/21,238,114270,7,,0,126,4,1627,0,784,0,265,0,887,0,430,0,219
2026/06/22,164,114434,2,,0,126,2,1629,0,784,0,265,0,887,0,430,0,219
2026/06/23,164,114598,3,,0,126,2,1631,1,785,0,265,0,887,0,430,0,219
2026/06/24,144,114742,3,,0,126,1,1632,1,786,0,265,0,887,0,430,0,219
2026/06/25,187,114929,4,,1,127,1,1633,-1,785,0,265,0,887,0,430,0,219
2026/06/26,129,115058,0,,0,127,3,1636,1,786,0,265,0,887,0,430,0,219
2026/06/27,116,115174,1,,0,127,7,1643,2,788,0,265,0,887,0,430,0,219
2026/06/28,134,115308,4,,0,127,2,1645,1,789,0,265,1,888,1,431,0,219
2026/06/29,432,115740,12,,2,129,17,1662,5,794,1,266,2,890,0,431,2,221
2026/06/30,238,115978,3,,0,129,2,1664,1,795,0,266,2,892,0,431,0,221
2026/07/01,242,116220,7,,0,129,5,1669,2,797,0,266,0,892,0,431,0,221
2026/07/02,234,116454,1,,0,129,1,1670,0,797,0,266,0,892,2,433,0,221
2026/07/03,200,116654,4,,-1,128,2,1672,1,798,0,266,0,892,0,433,0,221
2026/07/04,226,116880,3,,0,128,1,1673,0,798,0,266,1,893,1,434,0,221
2026/07/05,180,117060,1,,0,128,0,1673,1,799,0,266,0,893,0,434,0,221
2026/07/06,109,117169,2,,0,128,0,1673,0,799,0,266,0,893,0,434,0,221
2026/07/07,143,117312,7,,0,128,3,1676,4,803,0,266,0,893,0,434,0,221
2026/07/08,116,117428,2,,0,128,1,1677,2,805,2,268,1,894,0,434,0,221
2026/07/09,156,117584,4,,0,128,2,1679,2,807,4,272,1,895,2,436,0,221
2026/07/10,214,117798,7,,0,128,1,1680,1,808,0,272,1,896,1,437,0,221
2026/07/11,137,117935,1,,0,128,0,1680,2,810,0,272,0,896,0,437,0,221
2026/07/12,101,118036,1,,0,128,0,1680,1,811,0,272,1,897,1,438,0,221
2026/07/13,120,118156,4,,0,128,2,1682,1,812,0,272,0,897,0,438,0,221
2026/07/14,167,118323,4,,0,128,1,1683,0,812,0,272,0,897,0,438,0,221
2026/07/15,109,118432,1,,0,128,2,1685,0,812,0,272,0,897,-1,437,0,221
2026/07/16,150,118582,2,,0,128,0,1685,1,813,0,272,0,897,0,437,0,221
2026/07/17,126,118708,3,,0,128,2,1687,1,814,2,274,0,897,0,437,0,221
2026/07/18,112,118820,2,,0,128,2,1689,1,815,0,274,0,897,0,437,0,221
2026/07/19,130,118950,0,,0,128,2,1691,1,816,0,274,0,897,0,437,1,222
2026/07/20,86,119036,2,,1,129,3,1694,2,818,0,274,0,897,2,439,0,222
2026/07/21,109,119145,1,,0,129,3,1697,3,821,0,274,0,897,0,439,0,222
2026/07/22,156,119301,2,,0,129,0,1697,0,821,0,274,0,897,0,439,0,222
2026/07/23,103,119404,4,,0,129,2,1699,2,823,0,274,1,898,0,439,0,222
2026/07/24,131,119535,1,,0,129,1,1700,1,824,2,276,5,903,1,440,2,224
2026/07/25,238,119773,5,,1,130,1,1701,0,824,0,276,10,913,3,443,3,227
2026/07/26,596,120369,12,,0,130,7,1708,1,825,0,276,16,929,1,444,1,228
2026/07/27,297,120666,6,,0,130,4,1712,-1,824,0,276,0,929,0,444,1,229
2026/07/28,187,120853,3,,0,130,1,1713,1,825,0,276,2,931,0,444,0,229
2026/07/29,173,121026,5,,0,130,0,1713,0,825,0,276,0,931,0,444,1,230
2026/07/30,132,121158,4,,0,130,1,1714,-2,823,0,276,2,933,0,444,0,230
2026/07/31,821,121979,8,,0,130,15,1729,4,827,1,277,10,943,1,445,0,230
2026/08/01,425,122404,4,,0,130,4,1733,2,829,2,279,2,945,0,445,1,231
2026/08/02,637,123041,18,,0,130,18,1751,7,836,10,289,9,954,8,453,3,234
2026/08/03,296,123337,8,,0,130,3,1754,0,836,0,289,2,956,0,453,1,235
2026/08/04,1242,124579,23,,1,131,20,1774,14,850,2,291,11,967,8,461,1,236
2026/08/05,720,125299,7,,0,131,14,1788,11,861,2,293,8,975,8,469,2,238
2026/08/06,252,125551,5,,0,131,4,1792,1,862,0,293,1,976,1,470,1,239
2026/08/07,385,125936,10,,0,131,7,1799,4,866,1,294,2,978,2,472,1,240
2026/08/08,235,126171,3,,0,131,1,1800,1,867,0,294,0,978,1,473,0,240
2026/08/09,185,126356,6,,1,132,4,1804,1,868,0,294,0,978,0,473,0,240
2026/08/10,234,126590,6,,-1,131,6,1810,1,869,0,294,2,980,0,473,0,240
2026/08/11,263,126853,7,,0,131,3,1813,0,869,0,294,0,980,3,476,0,240
2026/08/12,178,127031,3,,0,131,3,1816,3,872,0,294,0,980,0,476,0,240
2026/08/13,187,127218,3,,1,132,2,1818,3,875,0,294,3,983,0,476,0,240
2026/08/14,270,127488,4,,0,132,5,1823,0,875,0,294,2,985,1,477,0,240
2026/08/15,238,127726,4,,0,132,0,1823,1,876,0,294,1,986,0,477,0,240
2026/08/16,261,127987,3,,0,132,5,1828,4,880,0,294,1,987,0,477,0,240
2026/08/17,245,128232,5,,0,132,1,1829,3,883,0,294,0,987,0,477,0,240
2026/08/18,215,128447,4,,0,132,7,1836,2,885,4,298,0,987,0,477,0,240
2026/08/19,220,128667,3,,0,132,3,1839,1,886,0,298,2,989,1,478,0,240
2026/08/20,190,128857,3,,0,132,8,1847,2,888,1,299,1,990,0,478,0,240
2026/08/21,184,129041,1,,0,132,3,1850,2,890,2,301,0,990,0,478,2,242
2026/08/22,214,129255,3,,0,132,0,1850,0,890,0,301,0,990,2,480,1,243
2026/08/23,265,129520,5,,0,132,3,1853,0,890,0,301,0,990,1,481,0,243
2026/08/24,255,129775,3,,0,132,4,1857,1,891,0,301,1,991,2,483,0,243
2026/08/25,898,130673,10,,1,133,16,1873,7,898,2,303,2,993,3,486,1,244
2026/08/26,471,131144,8,,0,133,10,1883,6,904,2,305,3,996,0,486,1,245
2026/08/27,367,131511,7,,-1,132,2,1885,3,907,0,305,1,997,2,488,0,245
2026/08/28,311,131822,4,,0,132,3,1888,1,908,0,305,1,998,1,489,0,245
2026/08/29,354,132176,5,,0,132,5,1893,1,909,0,305,3,1001,0,489,0,245
2026/08/30,666,132842,14,,2,134,46,1939,21,930,8,313,13,1014,4,493,1,246
2026/08/31,476,133318,15,,1,135,32,1971,7,937,4,317,8,1022,4,497,0,246
2026/09/01,320,133638,7,,1,136,15,1986,3,940,6,323,9,1031,2,499,2,248
2026/09/02,234,133872,4,,1,137,11,1997,6,946,0,323,2,1033,2,501,0,248
2026/09/03,170,134042,4,,0,137,15,2012,1,947,2,325,1,1034,2,503,1,249
2026/09/04,259,134301,5,,1,138,22,2034,7,954,7,332,4,1038,2,505,0,249
2026/09/05,250,134551,5,,0,138,13,2047,2,956,2,334,2,1040,1,506,0,249
2026/09/06,870,135421,11,,3,141,26,2073,10,966,9,343,16,1056,5,511,2,251
2026/09/07,517,135938,7,,1,142,8,2081,5,971,0,343,4,1060,2,513,0,251
2026/09/08,314,136252,6,,0,142,14,2095,2,973,0,343,2,1062,0,513,0,251
2026/09/09,962,137214,13,,2,144,19,2114,6,979,4,347,10,1072,7,520,1,252
2026/09/10,623,137837,9,,2,146,17,2131,9,988,2,349,7,1079,1,521,0,252
2026/09/11,1000,138837,22,,2,148,20,2151,11,999,2,351,4,1083,1,522,0,252
2026/09/12,844,139681,9,,1,149,28,2179,14,1013,2,353,4,1087,1,523,0,252
2026/09/13,560,140241,10,,1,150,20,2199,4,1017,2,355,2,1089,2,525,1,253
2026/09/14,4876,145117,69,,6,156,73,2272,28,1045,0,355,35,1124,4,529,18,271
2026/09/15,6319,151436,106,,8,164,77,2349,32,1077,6,361,46,1170,25,554,18,289
2026/09/16,4497,155933,85,,2,166,57,2406,25,1102,5,366,25,1195,17,571,9,298
2026/09/17,1972,157905,37,,1,167,30,2436,23,1125,2,368,8,1203,7,578,2,300
2026/09/18,23212,181117,274,,7,174,561,2997,286,1411,27,395,206,1409,195,773,135,435
