bvid,title,published_at,url,view,like,coin,favorite,share,danmaku,reply
BV1TSeu68Eb2,Apple Music 音乐家个人界面 | 苹果把古典音乐的优雅美用视觉设计展现得淋漓尽致,2026-09-18T03:55:00+00:00,https://www.bilibili.com/video/BV1TSeu68Eb2,22154,607,39,336,137,204,215
BV19zeF6LECB,Apple Music 歌手新页面3 | 歌手新页面more and more,2026-09-16T03:55:00+00:00,https://www.bilibili.com/video/BV19zeF6LECB,4145,48,0,24,8,12,28
BV1BNeJ6gE2N,Apple Music 歌手新页面2 | 盘点更多歌手的个性化字体与好看的界面,2026-09-15T03:55:00+00:00,https://www.bilibili.com/video/BV1BNeJ6gE2N,2986,44,2,17,9,20,10
BV1b5Yr6SEn1,Apple Music 歌手新页面1 | iOS 27 来啦！歌手页面大更新，好多歌手还上新了独特字体,2026-09-14T03:55:00+00:00,https://www.bilibili.com/video/BV1b5Yr6SEn1,12432,139,5,65,44,39,110
BV1JfYY6mEWA,《Blank Space》鼓组还原🥁 | 空白格的鼓过于经典，我用多层鼓还原啦！,2026-09-13T03:55:00+00:00,https://www.bilibili.com/video/BV1JfYY6mEWA,309,15,4,7,1,0,6
BV1xfYT6QEzg,《Blank Space》编曲还原 | 当我还原芭酒的经济上行之美,2026-09-10T06:53:10+00:00,https://www.bilibili.com/video/BV1xfYT6QEzg,872,24,4,13,1,0,4
BV1f1Ys6WEpv,Apple Music 动态封面 | Ep 31 | 流行圣经的封面也是经典中的经典！,2026-09-09T03:55:00+00:00,https://www.bilibili.com/video/BV1f1Ys6WEpv,1729,36,4,12,2,4,7
BV1a7bn6pEJa,Apple Music 动态封面 | Ep 30 | 黄色的动态封面都很元气有活力啊,2026-09-06T04:05:53+00:00,https://www.bilibili.com/video/BV1a7bn6pEJa,1706,24,1,11,1,1,17
BV1B1tA6jECs,《360》编曲还原 | 当我尝试搓出360的标志性合成器,2026-08-30T03:55:00+00:00,https://www.bilibili.com/video/BV1B1tA6jECs,3187,237,41,71,5,34,54
BV11P8v6HEBr,Apple Music 动态封面 | Ep 29 | 盘点极简到裤衩都不剩的动态封面,2026-08-25T03:55:00+00:00,https://www.bilibili.com/video/BV11P8v6HEBr,2367,47,7,21,1,0,9
BV1qHut6NEUu,《BIRDS OF A FEATHER》编曲还原 | 当我自学编曲两个周末尝试搓出碧梨的鸟毛,2026-08-07T03:55:00+00:00,https://www.bilibili.com/video/BV1qHut6NEUu,829,34,8,14,4,1,14
BV1BW3961E6f,Apple Music抽象封面1 | 各种飞虫走兽大赏，审美积累中(,2026-08-04T03:55:00+00:00,https://www.bilibili.com/video/BV1BW3961E6f,1607,27,4,20,5,18,10
BV1QXGw6ZEpe,Apple Music动态封面 | Ep 28 | 八月到啦！盘点超有夏日感和度假风的动态封面🏖️,2026-08-02T03:55:00+00:00,https://www.bilibili.com/video/BV1QXGw6ZEpe,805,25,4,7,1,7,7
BV1Ja3q6KExy,Apple Music动态封面 | Ep 27 | A妹新专的动态封面有点敷衍啊😅,2026-07-31T03:55:00+00:00,https://www.bilibili.com/video/BV1Ja3q6KExy,2042,34,6,13,1,6,12
BV1sP3769Ey2,Apple Music 动态封面 | Ep 26 | 磕磕霉霉和洗茶的吉娃娃CP 🐶 Actually Romantic,2026-07-26T04:51:41+00:00,https://www.bilibili.com/video/BV1sP3769Ey2,1059,13,2,4,2,1,16
BV1XZTT6wEvJ,Apple Music动态封面 | Ep 25 | 更新娅乐！闺心忧郁！高悬娅娅！,2026-06-29T03:55:00+00:00,https://www.bilibili.com/video/BV1XZTT6wEvJ,1892,34,3,14,3,4,10
BV1PBEi6ZEpo,Apple Music动态封面 | Ep 24 | 夏天到啦☀️盘点充满夏日感的动态封面！,2026-06-12T03:55:00+00:00,https://www.bilibili.com/video/BV1PBEi6ZEpo,1593,44,18,18,2,1,17
BV1WYVH6TEAs,Apple Music动态封面 | Ep 23 | 萌德Wonder封面是神不接受反驳！,2026-05-29T03:55:00+00:00,https://www.bilibili.com/video/BV1WYVH6TEAs,1808,31,4,16,4,1,17
BV1siGJ6YEqx,Apple Music动态封面 | Ep 22 | 被国国的动态封面帅一跳,2026-05-26T03:55:00+00:00,https://www.bilibili.com/video/BV1siGJ6YEqx,1245,31,8,13,2,2,27
BV1cKL66xEfE,Apple Music全屏不动态封面3 | 🖤黑色全屏封面超酷的！,2026-05-23T03:55:00+00:00,https://www.bilibili.com/video/BV1cKL66xEfE,2137,51,6,15,1,1,16
BV1FKLB6mEGB,Apple Music动态封面 | Ep 21 | Micheal Jackson的封面超经典！,2026-05-20T03:55:00+00:00,https://www.bilibili.com/video/BV1FKLB6mEGB,1790,36,6,13,3,3,32
BV1vhRXB5Esp,Apple Music动态封面 | Ep 20 | gxyy恭喜娅娅个性影音更新娅音！,2026-05-10T03:55:00+00:00,https://www.bilibili.com/video/BV1vhRXB5Esp,907,17,6,7,3,6,9
BV14A9vByE9a,Apple Music动态封面 | Ep 19 | 柠檬水神专十周年啦！顺便祝五一快乐！,2026-05-01T03:55:00+00:00,https://www.bilibili.com/video/BV14A9vByE9a,1413,31,12,12,5,4,26
BV16Vd1BiE1n,Apple Music动态封面 | Ep 18 | 豆荚猫的封面封神了！,2026-04-21T04:01:29+00:00,https://www.bilibili.com/video/BV16Vd1BiE1n,2239,49,10,30,3,5,34
BV1J8dhBbEUV,Apple Music全屏不动态封面2 | 全屏封面就算不动依然很好看有没有懂的,2026-04-16T08:36:56+00:00,https://www.bilibili.com/video/BV1J8dhBbEUV,3173,73,6,20,2,0,27
BV1HpSZB4Eej,Apple Music动态封面 | Ep 17 | 周杰伦新专动态封面上新！许愿成功！,2026-04-06T05:33:56+00:00,https://www.bilibili.com/video/BV1HpSZB4Eej,2919,43,9,14,4,28,30
BV1Ss9LBfEek,Apple Music动态封面 | Ep 16 | 披头士传世封面也有动态！,2026-04-01T03:56:45+00:00,https://www.bilibili.com/video/BV1Ss9LBfEek,2503,40,6,36,6,1,25
BV1iRAEzuEaB,Apple Music全屏不动态封面1 | 苹果在为新功能做准备？,2026-03-20T03:55:47+00:00,https://www.bilibili.com/video/BV1iRAEzuEaB,10343,151,10,42,11,3,70
BV1KQwezYE1Q,Apple Music动态封面 | Ep 15 | 未来乡愁上新动态封面啦,2026-03-18T09:01:39+00:00,https://www.bilibili.com/video/BV1KQwezYE1Q,1826,39,8,15,4,8,23
BV1qycozkEb5,Apple Music动态封面 | Ep 14 | Super Shy的飞天小女警封面好可爱😍,2026-03-11T03:35:38+00:00,https://www.bilibili.com/video/BV1qycozkEb5,6906,100,11,71,8,4,17
BV1BhPqzhEa8,Apple Music动态封面 | Ep 13 | 明媚的动态封面让人心情好好☀️,2026-03-06T03:55:00+00:00,https://www.bilibili.com/video/BV1BhPqzhEa8,5505,82,12,53,5,3,26
BV1wCA8zjETR,Apple Music动态封面 | Ep 12 | 盘点天气不太好的动态封面，顺便吐槽一下南方阴阴的天气,2026-03-02T03:55:00+00:00,https://www.bilibili.com/video/BV1wCA8zjETR,4258,68,15,79,8,2,28
BV1dbASz4EGz,Apple Music动态封面 | Ep 11 | 火星Blackpink领衔一堆新专辑发布，你觉得好听吗？,2026-02-27T09:55:00+00:00,https://www.bilibili.com/video/BV1dbASz4EGz,1238,18,7,10,2,17,42
BV1DNfSBuE8Q,Apple Music番外 | AI动态封面积阴德，恐怖谷效应创飞听众,2026-02-26T03:55:00+00:00,https://www.bilibili.com/video/BV1DNfSBuE8Q,33694,316,16,126,107,270,102
BV15tfCBFERM,Apple Music动态封面 | Ep 10 | 上班第一天直呼SOS!!!,2026-02-24T03:55:04+00:00,https://www.bilibili.com/video/BV15tfCBFERM,2183,32,6,16,1,4,23
BV1AMZZBjEoG,Apple Music动态封面 | Ep 9 | 艺术女佛导致海拔升高！公鸭喇嘛展开封面pk,2026-02-22T03:47:09+00:00,https://www.bilibili.com/video/BV1AMZZBjEoG,1432,24,5,18,6,4,16
BV19vZrBXEfm,Apple Music动态封面 | Ep 8 | 盆栽的动态封面巨帅！,2026-02-20T03:54:14+00:00,https://www.bilibili.com/video/BV19vZrBXEfm,3624,46,9,32,4,3,40
BV1MmZTB2EYi,Apple Music动态封面 | Ep 7 | 🧨过年快乐！盘点红红火火的动态封面,2026-02-16T08:47:22+00:00,https://www.bilibili.com/video/BV1MmZTB2EYi,2116,30,9,10,3,4,20
BV1dccnzKELf,Apple Music动态封面 | Ep 6 | 💘情人节盘点粉粉的动态封面,2026-02-14T03:55:00+00:00,https://www.bilibili.com/video/BV1dccnzKELf,1659,39,10,16,3,1,10
BV1GBcxzjEe5,Apple Music动态封面 | Ep 5 | 霉霉和坤坤都有超绝动态封面！,2026-02-12T03:55:00+00:00,https://www.bilibili.com/video/BV1GBcxzjEe5,1703,45,10,16,5,22,24
BV1zwcPzhEH1,Apple Music动态封面 | Ep 4 | 《伟作》是周董少有的动态封面，你觉得好看吗？,2026-02-09T03:55:00+00:00,https://www.bilibili.com/video/BV1zwcPzhEH1,3839,47,12,20,4,32,57
BV1y9Fhz2Eea,Apple Music动态封面 | Ep 3 | 从评论区收集了一些好看的动态封面！感谢大家支持！,2026-02-06T03:55:00+00:00,https://www.bilibili.com/video/BV1y9Fhz2Eea,2710,42,14,23,5,8,74
BV1mKFMznEpr,Apple Music动态封面 | Ep 2 | 看看格莱美获奖/提名作品的动态封面吧,2026-02-02T11:17:42+00:00,https://www.bilibili.com/video/BV1mKFMznEpr,5997,73,5,34,7,13,15
BV1bNzZBkELC,Apple Music动态封面 | Ep 1 | 你永远可以相信Apple的审美,2026-01-30T03:55:00+00:00,https://www.bilibili.com/video/BV1bNzZBkELC,15933,156,14,77,12,9,87
BV1LQ4y1H7cb,【小白翻唱】Thinking Out Loud - Ed Sheeran,2023-10-27T14:40:42+00:00,https://www.bilibili.com/video/BV1LQ4y1H7cb,305,15,11,3,2,1,4
BV1jF411u7cw,【面向信息技术的沟通技巧】Notion推广视频 | G0A 听我说谢谢你队,2022-04-25T22:16:27+00:00,https://www.bilibili.com/video/BV1jF411u7cw,142,4,3,2,2,0,1
,Apple Music,,,181617,2832,341,1396,444,775,1385
,编曲还原,,,5197,310,57,105,11,35,78