作品标题,发布时间,播放量,评论量,点赞量,收藏量,转发量,粉丝量
共75个作品,全部作品已发布待发布未通过,0,0,0,,,
Apple Music 音乐家个人界面 | 苹果把古典音乐的优雅美用视觉设计展现得淋漓尽致 #applemusic #iOS27 #古典音乐 #贝多芬,已发布,156,0,2,,,
Apple Music 歌手新页面3 | 歌手新页面more and more 布兰妮和Jennie的个人页面真的好美啊 后续会更新更多Apple Music的歌手个人页面 #applemusic #iOS27 #Jennie #欧美音乐,已发布,"2,561",4,11,,,
Apple Music 歌手新页面2 | 盘点更多歌手的个性化字体与好看的界面 Lisa、比伯、戳爷、查理小程序的新字体都是最近才上的 麦粒为了迎接新专辑，又更新了一版字体 #applemusic #iOS27 #lisa #justinbieber,已发布,"3,000",2,7,,,
Apple Music 歌手新页面集合1 iOS27今天发布！Apple Music 歌手页面迎来重大更新 背景颜色更加沉浸 很多歌手还更新了各自 era 的独特字体！ #iOS27 #applemusic #Taylorswift #火星哥,已发布,835,2,8,,,
Blank Space 空白格鼓组还原🥁 上次空白格全曲编曲还原视频中，鼓的部分没有详细展开 我用了很多层鼓，所以轨道非常多 单独放在这一期啦！ #Taylorswift #霉霉 #编曲 #BlankSpace,已发布,"2,994",2,9,,,
Blank Space 编曲还原 | 当我用Logic Pro还原芭酒编曲的经济上行之美,已发布,"2,991",4,7,,,
-,已发布,"1,594",0,7,,,
Apple Music动态封面 | Ep31 | 行圣经的封面也是经典中的经典 #applemusic #Taylorswift #苏打绿 #奥德赛,已发布,"3,034",2,6,,,
-,已发布,"2,697",4,13,,,
Apple Music 动态封面 | Ep 30 | 💛黄色的封面都很元气有活力啊 #applemusic #欧美音乐 #Taylorswift #火星哥,已发布,"3,043",0,11,,,
《360》编曲还原 最近合成器水平有所进步，用Serum搓了360的标志性合成器（像弹球一样有弹性） 并且做完了360整首歌的编曲 brat真的怎么听都听不腻 #欧美音乐 #编曲 #charlixcx #brat,已发布,"3,084",4,15,,,
-,已发布,967,1,10,,,
Apple Music 动态封面 | Ep29 | 盘点极简到裤衩都不剩的动态封面 #applemusic #blackpink #idle #charlixcx,已发布,"2,954",2,9,,,
BIRDS OF A FEATHER 鸟毛编曲还原 🍐 自学了两个星期编曲，尝试制作还原碧梨的鸟毛 不过还没有学过任何混音和母带的知识 感觉有很多不足，感谢大家提建议 参考了碧梨哥哥的编曲讲解，兄妹俩简直是天才 #编曲 #欧美音乐 #碧梨 #billie,已发布,"3,064",4,17,,,
Apple Music抽象封面1 | 各种飞虫走兽大赏，审美积累中（ #applemusic #欧美音乐 #审美积累 #抽象,已发布,"3,090",1,20,,,
-,已发布,"2,843",0,4,,,
Apple Music动态封面 | Ep28 | 八月到啦！盘点超有夏日感和度假风的动态封面🏖️ #applemusic #欧美音乐 #夏天 #Lorde,已发布,"2,997",2,12,,,
-,已发布,"3,020",2,9,,,
Apple Music动态封面 | Ep27 | A妹新专的动态封面有点敷衍啊😅 #applemusic #arianagrande #newjeans #蔡徐坤,已发布,"2,966",2,7,,,
-,已发布,"3,033",2,4,,,
Apple Music动态封面 | Ep26 | 嗑嗑霉霉和查理小程序的吉娃娃cp🐶actually romantic #applemusic #欧美音乐 #Taylorswift #twice,已发布,"3,026",0,9,,,
-,已发布,"1,994",2,10,,,
Apple Music动态封面 | Ep25 | 更新娅乐！闺心忧郁！高悬娅娅！娅娅新专好好听呀 #applemusic #周杰伦 #魏如萱 #Ladygaga,已发布,"3,027",0,3,,,
-,已发布,"3,021",2,9,,,
Apple Music动态封面 | Ep24 | 夏天到啦☀️盘点充满夏日感的动态封面！ #applemusic #欧美音乐 #匠妹 #苏打绿,已发布,"3,001",0,11,,,
-,已发布,"2,973",2,21,,,
Apple Music动态封面 | Ep23 | 萌德Wonder封面是神不接受反驳！ #applemusic #Adele #katseye #齐豫,已发布,"3,027",0,18,,,
-,已发布,"2,356",2,9,,,
Apple Music动态封面 | Ep22 | 被国国的动态封面帅一跳 #applemusic #田柾国 #防弹少年团 #nmixx,已发布,"3,054",2,21,,,
Apple Music全屏不动态封面3 | 🖤黑色全屏封面超酷的！ #applemusic #碧梨 #drake #kendricklamar,已发布,"3,020",2,16,,,
-,已发布,"2,701",1,8,,,
Apple Music动态封面 | Ep21 | Micheal Jackson的封面超经典！ #applemusic #迈克尔杰克逊 #babymonster #Ladygaga,已发布,"3,007",0,6,,,
-,已发布,"2,968",3,7,,,
Apple Music动态封面 | Ep20 | gxyy恭喜娅娅个性影音更新娅音! 好多小伙伴推荐娅娅新专辑的动态封面，我会在新专发布那一周把娅娅新专的动态封面放到视频里哒！更新娅音！ #applemusic #娅娅 #牛姐 #周华健,已发布,"3,000",0,13,,,
-,已发布,"3,073",3,17,,,
Apple Music动态封面 | Ep19 | 柠檬水神专十周年啦！ #applemusic #碧昂斯 #曹格 #啪姐,已发布,"2,989",0,18,,,
-,已发布,"2,976",3,16,,,
Apple Music动态封面 | Ep18 | 豆荚猫的封面封神了！ #applemusic #dojacat #王力宏 #lisa,已发布,"3,091",0,19,,,
Apple Music全屏不动态封面2 | 全屏封面就算不动依然很好看有没有懂的 #applemusic #TheWeeknd #侃爷 #水果姐,已发布,"3,052",2,17,,,
-,已发布,"3,045",2,17,,,
Apple Music动态封面 | Ep17 | 周杰伦新专动态封面上新！许愿成功！ #applemusic #周杰伦 #防弹少年团 #twice,已发布,"3,032",0,17,,,
-,已发布,"3,041",2,14,,,
Apple Music动态封面 | Ep16 | 披头士传世封面也有动态！ #applemusic #周杰伦 #aespa #莫文蔚,已发布,"3,086",0,19,,,
Apple Music全屏不动态封面1 | 苹果在为新功能做准备？ Apple Music更新了好多全屏不动态封面，虽然有全屏效果，但是完全不会动 这是在为新功能做准备吗？还是说这些专辑之后要出动态封面？ #applemusic #A妹 #BTS #防弹少年团,已发布,"3,036",2,18,,,
-,已发布,850,3,8,,,
Apple Music动态封面 | Ep15 | 未来乡愁上新动态封面啦 #applemusic #dualipa #BTS #防弹少年团,已发布,"3,009",2,13,,,
-,已发布,"1,799",2,12,,,
Apple Music动态封面 | Ep14 | Super Shy的飞天小女警封面好可爱😍 #applemusic #newjeans #supershy #ALPHADRIVEONE,已发布,"3,115",0,16,,,
-,已发布,"1,992",3,10,,,
Apple Music动态封面 | Ep13 | 明媚的动态封面让人心情好好☀️ #applemusic #Taylorswift #霉霉 #梁静茹,已发布,"3,040",2,11,,,
-,已发布,281,4,6,,,
Apple Music动态封面 | Ep12 | 盘点天气不太好的动态封面，顺便吐槽一下南方阴阴的天气 #applemusic #欧美音乐 #邓紫棋 #苏打绿,已发布,"2,980",2,9,,,
-,已发布,123,3,7,,,
Apple Music动态专辑封面 | Ep11 | 这周五好多知名歌手发新专，包括火星哥、Blackpink、Gorillaz、米司机……这里收录了一些新专辑的动态封面（当然不全是新专辑） #applemusic #blackpink #火星哥 #蔡依林,已发布,"1,055",0,10,,,
Apple Music番外 | AI动态封面积阴德，恐怖谷效应创飞听众 #applemusic #孙燕姿 #那英 #蔡依林,已发布,"3,060",4,8,,,
-,已发布,655,3,3,,,
Apple Music动态封面 | Ep10 | 上班第一天直呼SOS！ #applemusic #周杰伦 #苏打绿 #sza,已发布,"2,971",0,9,,,
-,已发布,889,2,8,,,
Apple Music动态封面 | Ep9 | 艺术女佛导致海拔升高！公鸭喇嘛展开封面pk #applemusic #aespa #汪苏泷 #dirtywork,已发布,"2,827",0,4,,,
-,已发布,"2,217",4,6,,,
Apple Music动态封面 | Ep8 | 盆栽的动态封面巨帅！ #applemusic #盆栽 #justinbieber #sza,已发布,"2,978",1,9,,,
-,已发布,124,0,2,,,
Apple Music动态封面 | Ep7 | 新年🧨盘点红红火火的动态封面 #applemusic #新年快乐 #Taylorswift #王菲,已发布,269,5,10,,,
-,已发布,431,4,8,,,
Apple Music动态封面 | Ep4 | 💘情人节盘点粉粉的动态封面们，祝大家情人节快乐，有情人终成眷属，单身的宝子们早日脱单！ #applemusic #Taylorswift #BLACKPINK #情人节,已发布,"1,056",0,7,,,
-,已发布,89,3,4,,,
Apple Music动态封面 | Ep5 | 霉霉和坤坤都有超绝动态封面！ #applemusic #霉霉 #蔡徐坤 #newjeans,已发布,"1,089",2,10,,,
-,已发布,44,1,4,,,
Apple Music动态封面 | Ep4 | 伟作是周杰伦少有的动态封面，你觉得好看吗？ #applemusic #周杰伦 #最伟大的作品 #golden,已发布,"1,070",3,11,,,
-,已发布,"1,839",1,4,,,
Apple Music动态封面 | Ep3 | 从评论区收集了一些好看的动态封面！感谢大家支持！ #applemusic #欧美音乐 #A妹 #twice,已发布,"3,069",3,8,,,
-,已发布,"1,872",2,7,,,
Apple Music动态专辑封面 | Ep2 | 看看格莱美获奖/提名作品的动态封面吧 #格莱美 #朴彩英 #applemusic #Ladygaga,已发布,"3,042",1,12,,,
-,已发布,"2,017",2,2,,,
Apple Music 动态封面 | Ep1 | 你永远可以相信Apple的审美 #applemusic #欧美音乐 #taylorswift #idle,已发布,"2,979",4,9,,,
,Apple Music,104693,54,454,,,
,编曲还原,12133,14,48,,,
,总计,174350,136,768,75,21,62